bmrs_id,repd_id,name,capacity,turbine_capacity,turbine_count,lon,lat,gen_type
['ABRBO-1'],[2505],European Offshore Wind Deployment Centre,96.8,[8.4],[11.0],-1.9968464,57.2260574,offshore wind farm
['ABRTW-1'],[4337],Auchrobert Wind Farm,36,[2.5],[12.0],-3.9920599,55.6211539,onshore wind farm
['ACHRW-1'],[4331],A’Chruach Wind Farm,42.6,[2.3],[21.0],-5.3385229,56.1305186,onshore wind farm
['AFTOW-1'],[4262],Afton Wind Farm,50,[2.75],[25.0],-4.1684765,55.3116064,onshore wind farm
['AIRSW-1'],[4462],Airies Wind Farm,35,[2.9],[14.0],-4.7046059,54.9743434,onshore wind farm
"['AKGLW-3', 'AKGLW-1', 'AKGLW-2']","[4332, 4526, 4591]",Aikengall Community Wind Farm,,"[3.2, 3.0, 3.6]","[19.0, 16.0, 18.0]",-2.4665849,55.900701,onshore wind farm
['ANSUW-1'],[3298],An Suidhe Wind Farm,19.3,[0.9],[23.0],-5.2151455,56.220083,onshore wind farm
['ARCHW-1'],[3258],Arecleoch Wind Farm,120,[2.0],[60.0],-4.8689509,55.0678635,onshore wind farm
['ASHWW-1'],[4110],Andershaw Wind Farm,35,[2.5],[14.0],-3.8310474,55.5072121,onshore wind farm
['ASLVW-1'],[4645],Assel Valley Wind Farm,25,[2.3],[11.0],-4.8141341,55.2225216,onshore wind farm
['BABAW-1'],[4021],Baillie Wind Farm,52.5,[2.5],[21.0],-3.6725265,58.5661058,onshore wind farm
['BDCHW-1'],[4646],Bad a Cheo Wind Farm,26.7,[2.05],[13.0],-3.4239833,58.4197009,onshore wind farm
"['BEATO-1', 'BEATO-2', 'BEATO-3', 'BEATO-4']",[2521],Beatrice Wind Farm,588,[7.0],[84.0],-2.8844005,58.2524573,offshore wind farm
['BEINW-1'],[3787],Beinneun Wind Farm,108.8,[3.4],[25.0],-4.9301952,57.128494,onshore wind farm
['BETHW-1'],[4669],Beinn Tharsuinn Wind Farm,29,[1.75],[17.0],-4.3302391,57.7997041,onshore wind farm
['BHLAW-1'],[4640],Bhlaraidh Wind Farm,108,[3.43],[32.0],-4.7166783,57.2485412,onshore wind farm
['BLARW-1'],[4605],Blary Hill Wind Farm,35,[2.5],[14.0],-5.6292486,55.5696463,onshore wind farm
['BLKWW-1'],[4032],Blackcraig Wind Farm,52.9,[3.0],[23.0],-4.0286704,55.1262316,onshore wind farm
"['BLLA-2', 'BLLA-1']",[3116],Black Law Wind Farm,188,[2.3],[54.0],-3.7548872,55.7763267,onshore wind farm
['BNWKW-1'],[4122],Burn of Whilk Wind Farm,22.5,[2.5],[9.0],-3.2145846,58.3550137,onshore wind farm
['BOWLW-1'],[2546],Barrow Offshore Wind Farm,90,[3.0],[30.0],-3.2976403,53.9916051,offshore wind farm
['BRDUW-1'],[3119],Braes of Doune Wind Farm,72,[2.0],[36.0],-4.0658634,56.2601489,onshore wind farm
['BRNLW-1'],[4348],Brownieleys Wind Farm,7.5,[2.35],[3.0],-2.3725807,56.8455898,onshore wind farm
['BRYBW-1'],[4261],Berry Burn Wind Farm,66.7,[2.3],[29.0],-3.5297439,57.4787324,onshore wind farm
"['BTUIW-1', 'BTUIW-2', 'BTUIW-3']","[3292, 4525]",Beinn an Tuirc Wind Farm,118,"[0.37, 2.0, 2.3]","[46.0, 19.0, 16.0]",-5.5865631,55.5594749,onshore wind farm
"['BTUIW-1', 'BTUIW-2', 'BTUIW-3']",[3387],Beinn an Tuirc Wind Farm,118,"[0.37, 2.0, 2.3]","[46.0, 19.0, 16.0]",-5.587316349,55.5731683,onshore wind farm
"['BURBW-1', 'BRBEO-1']","[2487, 2539]",Burbo Bank Offshore Wind Farm,348,"[3.6, 8.0]","[25.0, 32.0]",-3.2597711,53.4825139,offshore wind farm
['CAUSW-1'],[3108],Causeymire Wind Farm,48.3,[2.0],[24.0],-3.4448832,58.4293012,onshore wind farm
['CGTHW-1'],[4664],Corriegarth Wind Farm,69.5,[3.0],[23.0],-4.3596411,57.1878607,onshore wind farm
"['CLDCW-1', 'CLDNW-1', 'CLDSW-1']","[4011, 4178]",Clyde Wind Farm,522,"[2.3, 3.2]","[152.0, 54.0]",-3.5763355,55.4520622,onshore wind farm
['CLDRW-1'],[4623],Clashindarroch Wind Farm,36.9,[2.05],[18.0],-2.9637766,57.3620928,onshore wind farm
['CLFLW-1'],[3448],Clachan Flats Wind Farm,15,[1.67],[9.0],-4.9508272,56.286761,onshore wind farm
['CMSTW-1'],[4006],Camster Wind Farm,50,[2.0],[25.0],-3.2726373,58.4106005,onshore wind farm
['CNCLW-1'],[3846],Coire Na Cloiche Wind Farm,29.9,[2.3],[13.0],-4.3758416,57.7901885,onshore wind farm
['COUWW-1'],[3772],Cour Wind Farm,20.5,[2.1],[10.0],-5.5162179,55.6726903,onshore wind farm
"['CRDEW-1', 'CRDEW-2']",[4633],Crossdykes Wind Farm,48,[4.8],[10.0],-3.1622172,55.1830877,onshore wind farm
['CREAW-1'],[4300],Creag Riabhach Wind Farm,72.6,[4.2],[22.0],-4.5108962,58.219913,onshore wind farm
['CRGHW-1'],[4619],Carraig Gheal Wind Farm,46,[2.3],[20.0],-5.2695353,56.3362781,onshore wind farm
['CRGTW-1'],[],Craig 2 Wind Farm,,[],[],,,onshore wind farm
['CRMLW-1'],[4120],Corriemoillie Wind Farm,54.4,[3.2],[17.0],-4.7810651,57.6641118,onshore wind farm
"['CRYRW-2', 'CRYRW-3']","[3114, 3536, 3440, 4215, 4215]",Crystal Rig Wind Farm,200.5,"[2.5, 2.3, 2.3, 2.3]","[25.0, 9.0, 60.0, 6.0]",-2.5409971,55.9065661,onshore wind farm
"['CRYRW-2', 'CRYRW-3']",[4631],Crystal Rig Wind Farm,200.5,"[2.5, 2.3, 2.3, 2.3]","[25.0, 9.0, 60.0, 6.0]",-2.507512111,55.88294698,onshore wind farm
['DALQW-1'],[],Dalquhandy Wind Farm,42,[],[],,,onshore wind farm
['DALSW-1'],[4520],Dalswinton Wind Farm,30,[2.0],[15.0],-3.6621051,55.1854744,onshore wind farm
"['DDGNO-1', 'DDGNO-3', 'DDGNO-4', 'DDGNO-2']",[2538],Dudgeon Offshore Wind Farm,402,[6.0],[67.0],1.3816845,53.2631838,offshore wind farm
['DNLWW-1'],[3579],Dun Law wind farm,29.8,[0.85],[35.0],-2.8429565,55.8066372,onshore wind farm
['DOGGER-1'],[2541],"Dogger Bank A, B & C",3600,[6.0],[400.0],1.667874137,55.96733704,offshore wind farm
"['DOREW-1', 'DOREW-2']",[4244],Dorenell Wind Farm,177,[3.0],[59.0],-3.1341235,57.3479158,onshore wind farm
['DOUGW-1'],[5393],Douglas West Wind Farm,45,[3.0],[15.0],-3.8814199,55.5702652,onshore wind farm
['DRSLW-1'],[4269],Dersalloch Wind Farm,69,[3.0],[23.0],-4.4926835,55.3088137,onshore wind farm
['DUNGW-1'],[4118],Dunmaglass Wind Farm,94,[3.0],[33.0],-4.2567301,57.2435459,onshore wind farm
"['EAAO-1', 'EAAO-2']",[2524],East Anglia ONE,714,[7.0],[102.0],2.5022195,52.2392255,offshore wind farm
['EDINW-1'],[4674],Edinbane Wind Farm,41.4,[2.3],[18.0],-6.409634,57.4344582,onshore wind farm
['EWHLW-1'],"[3627, 4015]",Ewe Hill Wind Farm,51,"[2.3, 2.3]","[16.0, 6.0]",-3.1542099,55.159301,onshore wind farm
"['FAARW-1', 'FAARW-2']",[4676],Farr Wind Farm,92,[2.3],[40.0],-4.1094152,57.3349229,onshore wind farm
['FALGW-1'],[4059],Fallago Rig Wind Farm,144,[3.0],[48.0],-2.6706809,55.8281161,onshore wind farm
['FSDLW-1'],[3886],Freasdail Wind Farm,22.5,[2.0],[11.0],-5.4611786,55.7700348,onshore wind farm
"['GAOFO-1', 'GAOFO-2', 'GAOFO-3', 'GAOFO-4']",[2526],Galloper Offshore Wind Farm,353,[6.3],[56.0],2.0234091,51.8619575,offshore wind farm
['GDSTW-1'],[3666],Gordonstown Hill Wind Farm,12.5,[2.5],[5.0],-2.4748935,57.4483275,onshore wind farm
['GFLDW-1'],[4373],Goole Fields Wind Farms,32.8,[2.05],[16.0],-0.867843,53.6601841,onshore wind farm
['GLCHW-1'],[4638],Glenchamber Wind Farm,27.5,[2.5],[11.0],-4.7734986,54.9417325,onshore wind farm
['GLNKW-1'],[4371],Glen Kyllachy Wind Farm,48.5,[2.5],[20.0],-4.1036572,57.3218171,onshore wind farm
['GLOFW-1'],[3311],Glens of Foudland Wind Farm,26,[1.3],[20.0],-2.6474053,57.4117658,onshore wind farm
['GLWSW-1'],[4368],Galawhistle Wind Farm,66,[3.0],[22.0],-3.9454838,55.5531372,onshore wind farm
['GNAPW-1'],[4593],Glen App Wind Farm,22,[2.0],[11.0],-4.9976313,55.0155696,onshore wind farm
"['GNFSW-2', 'GNFSW-1']",[2490],Gunfleet Sands Offshore Wind Farm,172,[3.6],[30.0],1.2196912,51.7318894,offshore wind farm
"['GORDW-1', 'GORDW-2']","[3435, 3662]",Gordonbush Wind Farm,109.75,"[4.3, 2.0]","[11.0, 35.0]",-3.9611683,58.0996879,onshore wind farm
"['GRGBW-1', 'GRGBW-2', 'GRGBW-3']",[2510],Greater Gabbard wind farm,504,[3.6],[140.0],1.9226034,51.8613756,offshore wind farm
['GRGRW-1'],[4213],Greengairs East Wind Farm,36,[3.0],[8.0],-3.911997599,55.90106897,onshore wind farm
"['GRIFW-1', 'GRIFW-2']",[4028],Griffin Wind Farm,156.4,[3.0],[52.0],-3.7265035,56.5784165,onshore wind farm
"['GYMRO-15', 'GYMRO-17', 'GYMRO-26', 'GYMRO-28']",[2543],Gwynt y Môr Wind Farm,576,[3.6],[160.0],-3.5761369,53.4533797,offshore wind farm
['HADHW-1'],[3109],Hadyard Hill Wind Farm,117.3,[2.3],[52.0],-4.7294074,55.2323369,onshore wind farm
['HALSW-1'],[4636],Halsary Wind Farm,34,[2.3],[15.0],-3.4035237,58.4337282,onshore wind farm
['HBHDW-1'],[4225],Harburnhead Wind Farm,51.7,[3.0],[22.0],-3.5417068,55.8130556,onshore wind farm
['HLGLW-1'],[4381],Hill of Glaschyle Wind Farm,27.6,[2.3],[12.0],-3.6107416,57.5108783,onshore wind farm
['HLTWW-1'],[4014],Hill of Towie Wind Farm,48,[2.3],[21.0],-3.0618642,57.5064024,onshore wind farm
"['HMGTO-1', 'HMGTO-2']",[2544],Humber Gateway Wind Farm,219,[3.0],[73.0],0.2910833,53.6416528,offshore wind farm
"['HOWAO-1', 'HOWAO-2', 'HOWAO-3']",[2525],Hornsea One Offshore Wind Farm,1218,[7.0],[174.0],1.9431668,53.8999168,offshore wind farm
"['HOWBO-1', 'HOWBO-2', 'HOWBO-3']",[2502],Hornsea Two Offshore Wind Farm,1386,[7.8],[165.0],1.7698583,53.9195,offshore wind farm
['HRHLW-1'],"[2711, 4157]",Hare Hill Wind Farm,43,"[0.66, 0.85]","[20.0, 35.0]",-4.1153769,55.3577621,onshore wind farm
['HRSTW-1'],[4119],Harestanes Wind Farm,136,[2.0],[68.0],-3.5639048,55.2526218,onshore wind farm
['HYWDW-1'],[2479],Hywind Scotland,30,[6.0],[5.0],-1.3218,57.4548583,floating wind farm
['KENNW-1'],[4385],Kennoxhead Wind Farm,62,[4.8],[13.0],-3.946301119,55.49791903,onshore wind farm
['KILBW-1'],"[2673, 3202]",Kilbraur Wind Farm,67.5,"[2.5, 2.5]","[8.0, 19.0]",-4.0439878,58.0452345,onshore wind farm
['KINCW-1'],[6136],Kincardine Offshore Wind Farm,50,[9.5],[6.0],-1.8532605,57.0066465,floating wind farm
['KLGLW-1'],[4386],Kilgallioch Wind Farm,239,[2.5],[96.0],-4.7729374,55.0156154,onshore wind farm
['KTHLW-1'],[4516],Keith Hill Wind Farm,4.5,[0.9],[5.0],-2.82902,55.8263588,onshore wind farm
"['KYPEW-1', 'KPMRW-1']",[4643],Kype Muir Wind Farm,88.4,[3.4],[26.0],-4.0408002,55.625929,onshore wind farm
"['LARYO-1', 'LARYO-2', 'LARYO-3', 'LARYO-4']",[2511],London Array,630,[3.6],[175.0],1.4902724,51.6365324,offshore wind farm
"['LARYO-1', 'LARYO-2', 'LARYO-3', 'LARYO-4']",[2507],London Array,630,[3.6],[175.0],1.495858982,51.62168982,offshore wind farm
['LCLTW-1'],[4123],Lochluichart Wind Farm,51,[3.0],[17.0],-4.8075158,57.6579921,onshore wind farm
"['LNCSO-1', 'LNCSO-2']",[2513],Lincs Wind Farm,270,[3.6],[75.0],0.4904364,53.1859311,offshore wind farm
['MDHLW-1'],"[4627, 4667]",Mid Hill Wind Farm,75.9,"[2.3, 2.3]","[8.0, 25.0]",-2.4841137,56.9652852,onshore wind farm
['MIDMW-1'],[4440],Middle Muir Wind Farm,51,[3.4],[15.0],-3.8105201,55.5076052,onshore wind farm
['MILWW-1'],"[2723, 4682, 3598, 4588]",Millennium Wind Farm,65,"[2.5, 2.5, 2.5]","[6.0, 16.0, 4.0]",-4.8469568,57.135399,onshore wind farm
['MINSW-1'],[4517],Minsca Wind Farm,36.8,[2.3],[16.0],-3.2255703,55.1208024,onshore wind farm
['MKHLW-1'],[3260],Mark Hill Wind Farm,56,[2.3],[24.0],-4.7442317,55.1304546,onshore wind farm
"['MOWEO-1', 'MOWEO-2', 'MOWEO-3']","[2537, 2534, 2536]",Moray East Offshore Wind Farm,950,"[9.5, 9.5, 9.5]","[34.0, 33.0, 33.0]",-3.158582914,58.0546108,offshore wind farm
['MOYEW-1'],[3647],Moy Wind Farm,66,[3.3],[20.0],-4.0137434,57.4099953,onshore wind farm
['MYGPW-1'],[4437],Minnygap Wind Farm,25,[2.5],[10.0],-3.5312527,55.2529026,onshore wind farm
['OMNDO-1'],[2509],Ormonde Wind Farm,150,[5.0],[30.0],-3.4372891,54.089035,offshore wind farm
['PAUHW-1'],[4687],Paul's Hill Wind Farm,65,[2.3],[28.0],-3.4715845,57.4481439,onshore wind farm
['PGBIW-1'],[4434],Pogbie Wind Farm,9.6,"[0.8, 8.5]","[6.0, 6.0]",-2.8397664,55.8213714,onshore wind farm
['PGBIW-1'],[5637],Pogbie Wind Farm,9.6,"[0.8, 8.5]","[6.0, 6.0]",-2.842106069,55.83944765,onshore wind farm
['PNYCW-1'],[4595],Pen y Cymoedd,228,[3.0],[76.0],-3.6128202,51.6877062,onshore wind farm
"['RCBKO-1', 'RCBKO-2']","[2515, 6501]",Race Bank Wind Farm,573,"[6.0, 6.0]","[46.0, 45.0]",0.8500646,53.2791854,offshore wind farm
['RHYL-1'],[2495],Rhyl Flats,90,[3.6],[25.0],-3.6493835,53.3798271,offshore wind farm
"['RMPNO-1', 'RMPNO-2']",[2520],Rampion Wind Farm,400,[5.0],[116.0],-0.2791214,50.6683775,offshore wind farm
"['ROTHW-1', 'CAIRW-1', 'CAIRW-2']","[3951, 3534]",Rothes Wind Farm,,"[2.3, 2.3]","[18.0, 22.0]",-3.3737895,57.5324389,onshore wind farm
"['RREW-1', 'RRWW-1']","[2497, 2496]",Robin Rigg Wind Farm,174,"[3.0, 3.0]","[28.0, 30.0]",-3.7134969,54.7534076,offshore wind farm
['RSHLW-1'],[4051],Rosehall Wind Farm,24.7,[1.3],[19.0],-4.5330597,57.9953967,onshore wind farm
['SAKNW-1'],[6703],Sandy Knowe Wind Farm,86.4,[3.4],[24.0],-4.051335174,55.37215061,onshore wind farm
['SANQW-1'],[4441],Sanquhar Community Wind Farm,31.05,[3.4],[9.0],-4.0502224,55.3446407,onshore wind farm
"['SGRWO-5', 'SGRWO-2', 'SGRWO-1', 'SGRWO-3', 'SGRWO-4', 'SGRWO-6']",[2540],Seagreen Wind Farm,1075,[9.2],[57.0],-1.926634029,56.63550081,offshore wind farm
"['SHRSO-1', 'SHRSO-2']",[2512],Sheringham Shoal Offshore Wind Farm,317,[3.6],[88.0],1.1474616,53.1355458,offshore wind farm
['SOKYW-1'],[4586],South Kyle Wind Farm,240,[4.8],[50.0],-4.293170303,55.31733844,onshore wind farm
"['STLGW-1', 'STLGW-2', 'STLGW-3']",[4597],Stronelairg Wind Farm,228,[3.6],[66.0],-4.4399358,57.1002503,onshore wind farm
['STRNW-1'],[4625],Strathy North Wind Farm,67.7,[2.05],[33.0],-4.0483493,58.4904395,onshore wind farm
['TDBNW-1'],[3457],Toddleburn Wind Farm,27.6,[2.3],[12.0],-2.8733758,55.7691495,onshore wind farm
"['THNTO-1', 'THNTO-2']",[2499],Thanet Wind Farm,300,[3.0],[100.0],1.6287329,51.4308241,offshore wind farm
"['TKNEW-1', 'TKNWW-1']",[2532],Triton Knoll Wind Farm,857,[9.5],[90.0],0.845075,53.4708167,offshore wind farm
['TLYMW-1'],[4599],Tullymurdoch Wind Farm,14.4,[2.05],[7.0],-3.2997717,56.6711747,onshore wind farm
['TMNCW-1'],[4420],Tom na Clach Wind Farm,,[3.0],[13.0],-3.8916707,57.391576,onshore wind farm
['TRLGW-1'],[4073],Tralorg Wind Farm,18.8,[2.5],[8.0],-4.8043352,55.2357559,onshore wind farm
"['TULWW-1', 'TULWW-2']","[3190, 4365]",Tullo Wind Farm,42.5,"[2.5, 2.5]","[7.0, 10.0]",-2.4046161,56.8356287,onshore wind farm
['TWSHW-1'],[6590],Twentyshilling Hill Wind Farm,37.8,[4.2],[9.0],-3.900475413,55.31976628,onshore wind farm
"['WDNSO-1', 'WDNSO-2']",[2519],West of Duddon Sands Wind Farm,389,[3.6],[108.0],-3.4702945,53.9843164,offshore wind farm
['WDRGW-1'],[7562],Windy Rig Wind Farm,43,[3.0],[12.0],-4.1742576,55.2734679,onshore wind farm
['WHIHW-1'],[4502],Whiteside Hill Wind Farm,27,[2.3],[11.0],-4.0232592,55.3253487,onshore wind farm
"['WHILW-1', 'WHILW-2']","[2757, 3489, 3981]",Whitelee Wind Farm,539,"[3.0, 2.3, 3.0]","[39.0, 140.0, 36.0]",-4.2667601,55.6741248,onshore wind farm
['WISTW-2'],[4431],Brockloch Rig Wind Farm,90,[3.0],[30.0],-4.1975045,55.2974343,onshore wind farm
"['WLNYO-2', 'WLNYO-3', 'WLNYO-4', 'WLNYW-1']","[2500, 2506, 2533]",Walney Wind Farm,1026.2,"[3.6, 3.6, 6.0]","[51.0, 51.0, 110.0]",-3.6821979,54.0836666,offshore wind farm
['WTMSO-1'],[2545],Westermost Rough Wind Farm,210,[6.0],[35.0],0.14975,53.8058334,offshore wind farm
[],[2485],Beatrice Demonstrator,10,[5.0],[2.0],-2.8844005,58.2524573,
[],[2488],Gunfleet Sands - (Demo) Extension,12,[6.0],[2.0],1.2196912,51.7318894,
[],[2489],Gunfleet Sands II,64.8,[3.6],[18.0],1.2462015,51.7268796,
[],[2491],Inner Dowsing,97.2,[3.6],[27.0],0.4509489,53.1688138,
[],[2492],Kentish Flats,90,[3.0],[30.0],1.0878625,51.4559547,
[],[2493],Lynn,97.2,[3.6],[27.0],0.4509489,53.1688138,
[],[2494],North Hoyle,60,[2.0],[30.0],-3.4480584,53.4178092,
[],[2498],Scroby Sands,60,[2.0],[30.0],1.788406,52.6443206,
[],[2504],Kentish Flats 2,49.5,[3.3],[15.0],1.0878625,51.4559547,
[],[2514],Teeside Offshore Wind Farm,62.1,[2.3],[27.0],-1.0932394,54.6448698,
[],[2523],Blyth OffshoreWind Test Site,41.5,[8.3],[5.0],-1.4033,55.1306,
[],[2559],Mynydd Gorddu Wind Farm,10.2,[0.54],[19.0],-3.9610789,52.462986,
[],[2563],Cefn Croes Wind Farm,58.5,[1.5],[39.0],-3.7397285,52.4082409,
[],[2564],Carno 'B' Wind Farm,16.8,[0.6],[28.0],-3.5971467,52.5527928,
[],[2565],Carno 'A' Wind Farm,16.8,[0.6],[28.0],-3.5971467,52.5527928,
[],[2566],Cemmaes 'B' Wind Farm,3.4,[0.56],[6.0],-3.6725281,52.6506826,
[],[2567],Trysglwyn Wind Farm,5.6,[0.4],[14.0],-4.3462507,53.3735233,
[],[2568],Hafoty Ucha '2' and '3' Wind Turbine,2.6,[0.85],[3.0],-3.5858996,52.9967894,
[],[2574],Royal Seaforth Dock Wind Farm,3,[0.5],[6.0],-3.0346471,53.460426,
[],[2576],Cemmaes 'C' Wind Farm,15.3,[0.85],[18.0],-3.6725281,52.6506826,
[],[2582],Llanbabo Wind Farm,20.4,[2.25],[9.0],-4.4545816,53.3588506,
[],[2586],Tow Law Wind Farm,2.6,[0.9],[3.0],-1.7983411,54.754903,
[],[2587],Kirkheaton Wind Farm,1.8,[0.6],[3.0],-1.9874341,55.0872871,
[],[2591],Great Eppleton Wind Farm,3,[0.75],[4.0],-1.4283789,54.8327632,
[],[2618],Wharrels Hill Wind Farm,10.4,[1.3],[8.0],-3.2832004,54.7284523,
[],[2624],Siddick Wind Farm,4.2,[0.6],[7.0],-3.5428669,54.6735319,
[],[2625],Oldside Wind Farm,5.4,[0.6],[9.0],-3.5629174,54.6578238,
[],[2626],Haverigg Extension Wind Farm,2.4,[0.6],[4.0],-3.3266321,54.2022542,
[],[2630],Blaen Bowi Wind Farm,3.9,[1.3],[3.0],-4.438745,51.9959947,
[],[2636],Parc-Cynog Wind Farm,3.6,[0.7],[5.0],-4.5257108,51.7579693,
[],[2653],Moel Maelogen A,2.6,[1.3],[2.0],-3.7234317,53.137648,
[],[2659],Out Newton Wind Farm,9,[1.3],[7.0],0.1014946,53.66816,
[],[2672],Brockholes Wind Cluster,2.4,[0.8],[3.0],-2.2975902,55.8620725,
[],[2674],Maesgwyn,26,[2.0],[13.0],-3.6516556,51.7603391,
[],[2680],Spicer Hill Wind Farm,6.9,[2.3],[3.0],-1.6926766,53.540828,
[],[2683],Ford Motor Company Ltd (Extension),2,[2.0],[1.0],0.1509932,51.5219782,
[],[2697],Hammar's Hill,4.3,[0.9],[5.0],-3.0800469,59.0849837,
[],[2708],Strath of Brydock - Extension,2.3,[1.3],[1.0],-2.5818252,57.6261341,
[],[2713],Kirkby Moor,4.8,[0.4],[12.0],-3.1436503,54.2429614,
[],[2715],Bambers II,4.6,[0.76],[6.0],0.2303662,53.3217921,
[],[2724],Cairnmore Farm,2.6,[0.85],[3.0],-2.8252686,57.3086607,
[],[2741],St Fergus Moss Wind Farm,6,[2.0],[3.0],-1.9151427,57.5707347,
[],[2747],Chelker Reservoir (Retention of Turbines),1.2,[0.3],[4.0],-1.910901,53.9618046,
[],[2758],Hill of Balquhindachy extension,1.7,[0.85],[2.0],-2.2389697,57.4738572,
[],[2776],Taff Ely Wind Farm,9,[0.45],[20.0],-3.470597,51.5684841,
[],[2780],Mossmorran Wind Farm,4.6,[2.0],[2.0],-3.3218179,56.0904577,
[],[2796],Lairg Wind Farm,7.5,[2.5],[3.0],-4.3523683,58.0027494,
[],[2804],G24 Innovations Turbine,2.3,[2.3],[1.0],-3.1020663,51.5057375,
[],[2822],Mornflake Oats Wind Turbine,2.3,[2.3],[1.0],-2.6325601,57.6643026,
[],[2839],Clochnahill Wind Farm,5.2,[1.3],[4.0],-2.3035736,56.9390864,
[],[2867],St John Hill,7.7,[2.5],[3.0],-2.2724974,56.8835258,
[],[2873],Bryn Blaen Wind Farm,13.8,[2.3],[6.0],-3.6102984,52.4277694,
[],[2902],Burnfoot Hill,26,[2.0],[13.0],-3.7694038,56.2077611,
[],[2922],Strath of Brydock,4.6,[1.3],[2.0],-2.5818252,57.6261341,
[],[2923],House O'Hill,5,[1.67],[3.0],-2.0417789,57.6183887,
[],[2927],Owenreagh Extension,5.1,[0.85],[6.0],-7.3362009,54.8131449,
[],[2928],Bagmoor,16,[2.0],[8.0],-0.642352,53.6277923,
[],[2935],"Eastman Chemicals, Workington",4,[2.0],[2.0],-3.539003,54.6711232,
[],[2938],Lindhurst Wind Farm,15,[3.0],[5.0],-1.1441754,53.1167049,
[],[2940],Craigengelt,20,[2.5],[8.0],-4.0515014,56.0527982,
[],[2942],Saltend Wind Turbine,1.3,[1.3],[1.0],-0.23573,53.7476015,
[],[2943],Loftsome Bridge,1.3,[1.0],[2.0],-0.9345631,53.7556509,
[],[2944],Nissan Wind Farm,4,[0.66],[6.0],-1.4740703,54.913994,
[],[2950],Parc Cynog Extension,8.4,[1.3],[6.0],-4.5351604,51.7607489,
[],[2952],Ranson Moor (phase 1),6,[2.0],[3.0],0.0339455,52.5106719,
[],[2953],Ranson Moor Wind Farm (Phase 2),4,[2.0],[2.0],0.0375504,52.5156845,
[],[2955],West Durham Wind Farm,24,[2.0],[12.0],-1.8214438,54.7649921,
[],[2956],Dyffryn Brodyn Wind Farm,5.5,[0.5],[11.0],-4.5882681,51.9119232,
[],[2965],North Red Bog,1.6,[0.8],[2.0],-2.0089873,57.5876888,
[],[2968],Milton Keynes Wind Farm,14,[2.0],[7.0],-0.6581292,52.129656,
[],[2983],Broom Hill Farm,8,[2.0],[4.0],-1.7586465,54.7451425,
[],[2986],Winscales Moor,6,[0.85],[7.0],-3.4971711,54.6389453,
[],[2988],Wind Farm Africa Alive,4.1,[2.05],[2.0],1.7013653,52.4151241,
[],[2991],Beinn Tharsuinn Extension (Beinn nan Oighrean),4.6,[2.3],[2.0],-4.3433443,57.8078026,
[],[2999],St John's Well,2.4,[0.8],[3.0],-2.3311683,57.4251779,
[],[3002],Hellrigg Wind farm,9.2,[2.5],[4.0],-3.3470419,54.84751,
[],[3015],Bryn titli Windfarm,9.9,[0.45],[22.0],-3.5602098,52.3655622,
[],[3019],Delabole (Repowering),9.2,[2.3],[4.0],-4.7075454,50.633341,
[],[3021],Whittlesey,9,[3.0],[3.0],-0.1769022,52.5590859,
[],[3028],Advanced Manufacturing Research Centre,2.6,[1.3],[2.0],-1.3789638,53.3871389,
[],[3034],Solutia UK Ltd,5,[2.5],[2.0],-2.9580499,51.5631901,
[],[3050],High Haswell Wind Farm,4,[2.0],[2.0],-1.4390303,54.7803365,
[],[3057],Llandinam Windfarm,31,[0.3],[103.0],-3.4136686,52.4439122,
[],[3061],Goonhilly Downs Wind Farm Repower,12,[2.0],[6.0],-5.2014904,50.044897,
[],[3068],MSD Cramlington,4,[2.0],[2.0],-1.6241765,55.102566,
[],[3075],Skelmonae Wind Farm,3.2,[0.9],[4.0],-2.1856738,57.4465401,
[],[3079],Coal Clough Wind Farm,9.6,[0.4],[24.0],-2.1598654,53.7508091,
[],[3090],Myres Hill,1.8,[0.9],[2.0],-4.2767142,55.6918507,
[],[3092],High Sharpley Wind Farm,2.6,[1.3],[2.0],-1.4152965,54.8308095,
[],[3096],Little Cheyne Court Wind Farm,59.8,[2.3],[26.0],0.8111938,50.9612896,
[],[3097],Bessy Bell Wind Farm,5,[0.5],[10.0],-7.3950869,54.6786807,
[],[3103],Corkey Wind Farm,5,[0.5],[10.0],-6.2616476,55.0329215,
[],[3110],Hare Hill (B),2.7,[1.35],[2.0],-1.4142161,54.7596421,
[],[3113],Bin Mountain,9,[1.5],[6.0],-7.6130144,54.634267,
[],[3117],Ardrossan,24,[2.0],[12.0],-4.8123484,55.6838441,
[],[3118],Owenreagh Wind Farm,5,[0.5],[10.0],-7.3362009,54.8131449,
[],[3126],Boulfruich,13,[0.85],[15.0],-3.4386999,58.3006642,
[],[3128],Bicker Fen,26.7,[2.0],[13.0],-0.2258446,52.93284,
[],[3132],Glass Moor,16,[2.0],[8.0],-0.1036911,52.5082222,
[],[3133],Gedney Marsh,12,[2.0],[6.0],0.1042793,52.8377539,
[],[3135],Ben Aketil,23,[2.3],[10.0],-6.4754803,57.4414745,
[],[3147],Knabs Ridge Windfarm,16,[2.0],[8.0],-1.6486284,53.9979942,
[],[3149],Kelburn,28,[2.0],[14.0],-4.7970088,55.7585226,
[],[3155],Ramsey 1,1.8,[1.8],[1.0],-0.1192503,52.466001,
[],[3157],Bambers Farm,9.6,[0.6],[8.0],0.2365474,53.319628,
[],[3158],Ford Wind Park - Dagenham,5.9,[2.96],[2.0],0.1651236,51.5142326,
[],[3171],Caton Moor Windfarm Repowering,16,[2.0],[8.0],-2.6576378,54.0694491,
[],[3172],Moel Maelogen A Phase 2,11.7,[1.3],[8.0],-3.7226159,53.1279694,
[],[3177],Scout Moor Windfarm,65,[2.5],[26.0],-2.2562703,53.6583817,
[],[3186],The Hollies,2.6,[1.3],[2.0],0.234334,53.143945,
[],[3194],Avonmouth Port,6,[2.0],[3.0],-2.7093117,51.511443,
[],[3200],Dummuie,12.3,[1.75],[7.0],-2.7270902,57.4110534,
[],[3201],Earlsburn,37.5,[2.5],[14.0],-4.1086102,56.0799678,
[],[3205],Achany Wind Farm,38,[2.0],[19.0],-4.5180475,58.0011912,
[],[3207],Bilbster Wind Farm,3.9,[1.3],[3.0],-3.2470534,58.4477769,
[],[3210],Green Park,2,[2.0],[1.0],-0.9855823,51.4186559,
[],[3214],Carcant Windfarm,6,[2.0],[3.0],-3.0225064,55.7683536,
[],[3218],Butterwick Moor,20.5,[2.05],[10.0],-1.3863463,54.6686176,
[],[3220],Hagshaw Hill Wind Farm Extension,26,[1.3],[20.0],-3.9013791,55.5557371,
[],[3229],Llangwyryfon,9.4,[0.85],[11.0],-4.0235926,52.3054551,
[],[3232],Pates Hill,14,[2.0],[7.0],-3.6014632,55.8103745,
[],[3233],Roskrow Wind Turbines,1.7,[0.85],[2.0],-5.1410116,50.1753746,
[],[3236],Greendykeside,4,[2.0],[2.0],-3.900632,55.9115282,
[],[3241],Gruig Wind Farm,25,[2.5],[10.0],-6.2454981,55.0255509,
[],[3243],Curryfree Wind Farm,15,[2.5],[6.0],-7.310173,54.9285809,
[],[3244],Altahullion Phase II,11.7,[1.3],[9.0],-7.0250663,54.9597694,
[],[3247],Loscar Farm,4.5,[1.3],[3.0],-1.2373097,53.3131408,
[],[3248],Langley Moor,8,[2.0],[4.0],-1.6919456,54.8202021,
[],[3264],Westmill Wind Farm,6.5,[1.3],[5.0],-1.6530919,51.6208141,
[],[3272],Lodge Farm 1,1,[1.0],[1.0],-5.0606003,51.7255989,
[],[3277],"Carno 'A'and 'B' Wind Farm, (Extension)",15.6,[1.3],[12.0],-3.5971467,52.5527928,
[],[3285],Achairn,6.2,[2.05],[3.0],-3.2024953,58.4367538,
[],[3290],High Hedley Hope 2 (Extension),5.2,[1.3],[4.0],-1.7692552,54.7630997,
[],[3295],Beinn Ghlas Wind Farm,7.8,[0.55],[14.0],-5.2759181,56.3818385,
[],[3297],Meall an Tuirc Wind Farm,17,[0.0],[34.0],-4.437208,57.7140619,
[],[3299],Roughside Hill,30,[1.25],[24.0],-3.1295832,55.71342,
[],[3300],Bowbeat Wind Farm,31.2,[1.3],[24.0],-3.1295832,55.71342,
[],[3301],Hagshaw Hill Wind Farm,7.8,[0.6],[13.0],-3.9013791,55.5557371,
[],[3306],Arnish Moor,3.9,[1.3],[3.0],-6.4398498,58.177469,
[],[3307],Burgar Hill,5,[2.5],[2.0],-3.1540945,59.1176021,
[],[3308],Thorfinn Wind Farm - NM2000,2.3,[1.15],[2.0],-3.144341,59.1133856,
[],[3309],Hill of Lybster,4.9,[1.3],[4.0],-3.6883892,58.603924,
[],[3310],Burradale Hill,3.7,[0.75],[5.0],-1.2388616,60.163509,
[],[3313],Castle Pill - Repowering,3.2,[0.8],[4.0],-5.0057186,51.7187346,
[],[3354],Weston Airfield Wind Turbines,3.6,[1.8],[2.0],1.1110899,52.6915381,
[],[3359],Orton Park Farm,1.6,[0.8],[2.0],-3.0127252,54.8632439,
[],[3361],PROMISED LAND FARM,1,[0.5],[2.0],-2.7384538,53.5120167,
[],[3368],Nethercott Farm,1.5,[0.5],[3.0],-4.3236502,50.7434882,
[],[3370],Bonerbo Wind Turbines,1.5,[0.5],[3.0],-2.7481151,56.2606832,
[],[3378],Princes Gate Spring Water,1.6,[0.8],[2.0],-4.6812536,51.7714987,
[],[3380],Phase 1 Bettyhill Wind Farm,5,[2.5],[2.0],-4.1680064,58.5158653,
[],[3382],Sibelco Brassington,2.3,[2.5],[1.0],-1.6268187,53.0908444,
[],[3390],Lambrigg Wind Farm,6.5,[1.3],[5.0],-2.6338602,54.3358856,
[],[3391],Askam,4.6,[0.66],[7.0],-3.178353,54.1866024,
[],[3392],Bears Down Wind Farm,9.8,[0.6],[16.0],-4.9583619,50.4722307,
[],[3396],Welton Of Creuchies,9.2,[2.3],[4.0],-3.3117187,56.631147,
[],[3398],Droop Hill Wind Farm x,4.6,[2.3],[2.0],-2.4020759,56.9243697,
[],[3404],Haddo,4.6,[2.3],[2.0],-2.305135,57.4291554,
[],[3415],Tod Hill Farm Wind Turbines,12,[3.0],[4.0],-3.8675644,56.0306601,
[],[3432],Royd Moor,5.9,[0.45],[13.0],-1.6877129,53.5375116,
[],[3433],Stroupster Wind Farm - additional turbine,2.3,[2.3],[1.0],-3.1380267,58.579174,
[],[3437],Little Belhus Restoration Site,1,[0.5],[2.0],0.2765456,51.519776,
[],[3449],Fen Farm,16,[0.8],[20.0],0.0815821,53.4265364,
[],[3450],Darracott Moor,2.6,[0.85],[3.0],-4.1204382,50.9713093,
[],[3453],Lochhead Farm,6,[2.0],[3.0],-3.9392583,55.7009094,
[],[3458],Crimp Wind Farm,2.4,[0.8],[3.0],-4.4965357,50.9082915,
[],[3467],Tangy Wind Farm/Tangy 1,12.8,[0.85],[15.0],-5.6792367,55.494734,
[],[3479],Coldham Hall,14,[1.75],[8.0],0.1502263,52.5825452,
[],[3480],Whitemill Wind Farm,14,[2.0],[7.0],0.1471121,52.57507,
[],[3487],Green Knowes,27,[1.5],[18.0],-3.6507778,56.2441326,
[],[3491],Great Orton,4,[0.66],[6.0],-3.0710628,54.8720048,
[],[3492],Winscales Phase I and II,8.8,[0.8],[11.0],-3.5012035,54.6315957,
[],[3494],Holmside Hall,2.8,[1.37],[2.0],-1.6867771,54.8474767,
[],[3495],High Volts Wind Farm,5.5,[1.83],[3.0],-1.288411,54.6965302,
[],[3496],Hare Hill,1.3,[1.3],[1.0],-1.4164854,54.7628843,
[],[3504],Great Eppleton Farm Repowering,8.2,[2.0],[4.0],-1.4283789,54.8327632,
[],[3507],Haswell Moor,10,[2.0],[5.0],-1.4477259,54.7738943,
[],[3511],Cold Northcott,6.6,[0.3],[22.0],-4.5354342,50.6417756,
[],[3524],Upper Ardgrain Wind Farm,2.4,[0.8],[3.0],-2.0641881,57.4017472,
[],[3529],Rothiesholm,2.7,[0.9],[3.0],-2.6616646,59.0828686,
[],[3532],Hill of Easterton,2.5,[2.5],[1.0],-2.3936792,57.376506,
[],[3533],Port of Liverpool - wind,10,[2.5],[4.0],-3.0111437,53.4423369,
[],[3538],Glenkerie Wind Farm,22,[2.0],[11.0],-3.4475425,55.5381359,
[],[3539],Lissett Airfield Wind Farm,30,[2.5],[12.0],-0.2788963,54.0026297,
[],[3552],Rheidol Wind Farm,2.4,[0.3],[8.0],-3.8783361,52.4088971,
[],[3554],Deucheran Hill,15.8,[1.75],[9.0],-5.5605151,55.637658,
[],[3570],Dun Law,17.2,[0.66],[26.0],-2.8429565,55.8066372,
[],[3574],Black Hill (Borders),28.6,[1.3],[22.0],-2.4400514,55.7975995,
[],[3575],Altahullion,26,[1.3],[20.0],-7.0317722,54.9627838,
[],[3578],Four Burrows Wind Farm,4.5,[0.3],[15.0],-5.1315191,50.2910153,
[],[3581],Lochelbank Wind Farm II,9.6,[0.8],[12.0],-3.4296536,56.3073115,
[],[3585],Cruach Mhor,33.3,[0.95],[35.0],-5.1530762,56.042854,
[],[3592],Wern Ddu Wind Farm,9.2,[2.3],[4.0],-3.4095582,53.0211137,
[],[3593],Hagshaw Hill Wind Farm,7.8,[0.6],[13.0],-3.9013791,55.5557371,
[],[3594],Muirake,4.6,[2.3],[2.0],-2.7371774,57.6101288,
[],[3602],Rusholme Wind Farm,24,[2.0],[12.0],-0.9348135,53.7248544,
[],[3605],Longpark,38,[2.0],[19.0],-2.8427562,55.6707543,
[],[3606],Walkway,14,[2.0],[7.0],-1.3782145,54.6643036,
[],[3607],Coldham,16,[2.0],[8.0],0.1421278,52.5914474,
[],[3608],Red Tile,24,[2.0],[12.0],-0.0254354,52.4334379,
[],[3609],Deeping St Nicholas Wind Farm,16.4,[2.0],[8.0],-0.2284007,52.7350376,
[],[3611],Lowca Wind Farm,4.7,[0.67],[7.0],-3.5770799,54.593795,
[],[3613],Fairfield Farm,6.5,[1.3],[5.0],-3.5266838,54.5752377,
[],[3614],Haverigg Repowering (Haverigg II),1.2,[0.22],[5.0],-3.3266321,54.2022542,
[],[3619],Beinneun Windfarm Extension,23.8,[3.4],[7.0],-4.9301952,57.128494,
[],[3651],Rosehill Wind Turbines,2.4,[0.8],[3.0],-3.8279938,56.0549086,
[],[3657],Twin Rivers,28.7,[2.05],[14.0],-0.7982763,53.6560214,
[],[3660],Penrhys Wind Farm/Ferndale Power Factory,6.4,[0.8],[8.0],-3.4649276,51.6567959,
[],[3664],Avonmouth Wind Power,8.2,[2.05],[4.0],-2.6748091,51.5138406,
[],[3668],Ben Aketil Extension,4.6,[2.3],[2.0],-6.4754803,57.4414745,
[],[3670],Lochcarnan Community Windfarm,6.9,[2.3],[3.0],-7.2948834,57.3589638,
[],[3671],The Grange Wind Farm,14,[2.0],[7.0],0.1672667,52.7510434,
[],[3672],Humphrey Group,5,[2.5],[2.0],1.1255743,52.3340884,
[],[3673],Rodbaston,4,[2.0],[2.0],-2.1114108,52.6993413,
[],[3674],Boundary Lane,6,[2.0],[3.0],-1.8847978,54.8986244,
[],[3676],Nutberry Wind Farm,15,[2.5],[6.0],-3.9458155,55.5743206,
[],[3677],Penny Hill Lane,19.8,[3.3],[6.0],-1.2863377,53.3830342,
[],[3681],West Knock Wind Cluster,2.4,[0.8],[3.0],-2.0260513,57.4940646,
[],[3682],Low Spinney Wind Farm,8,[2.0],[4.0],-1.176751,52.498945,
[],[3684],Westfield,12.5,[2.5],[5.0],-3.2668123,56.1719294,
[],[3685],Swinford Wind Farm,27.5,[0.4],[11.0],-1.1528102,52.4262513,
[],[3686],Burnt House Farm,6,[2.0],[3.0],-0.0263476,52.5350789,
[],[3688],Calder Water Community Wind Farm,28,[2.0],[14.0],-4.2078773,55.6468613,
[],[3690],Millour Hill Community Windfarm,18,[3.0],[6.0],-4.7740053,55.7381755,
[],[3691],Netherton of Windyhills,4.6,[2.3],[2.0],-2.8442619,57.6014233,
[],[3693],Gallowhill,1.8,[0.9],[2.0],-2.9904521,59.2982187,
[],[3694],Frodsham Marsh,50.4,[2.65],[19.0],-2.7645974,53.2966799,
[],[3695],Brechfa Forest West,57.4,[2.05],[28.0],-4.209109,51.9675098,
[],[3700],Spaldington Airfield,12.5,[2.5],[5.0],-0.8625019,53.7894053,
[],[3701],Hillhead of Auquhirie,6.9,[2.3],[3.0],-2.2888073,56.9412669,
[],[3702],Middleton Wind Farm,12,[2.0],[6.0],-4.4099271,55.7487518,
[],[3703],Orchard End,4,[2.0],[2.0],-2.850455,53.8964103,
[],[3705],Mynydd Bwllfa Wind Farm - Resubmission,22.5,[2.5],[9.0],-3.511945,51.7139409,
[],[3707],Tirgwynt,24.6,[2.05],[12.0],-3.4904808,52.6000401,
[],[3711],Garreg Lwyd,34,[2.0],[23.0],-3.2695294,52.4085493,
[],[3722],Little Byth,4.5,[1.5],[3.0],-2.2926703,57.6089777,
[],[3726],Oakdale Business Park,4,[2.0],[2.0],-3.1691138,51.6929229,
[],[3732],Boddington Reservoir,1.5,[1.5],[1.0],-1.2770104,52.1788641,
[],[3733],HMP Standford Hill,4.6,[2.3],[2.0],0.8418493,51.3889475,
[],[3735],Sancton Hill,10,[2.0],[5.0],-0.6042087,53.8475812,
[],[3738],Port of Sheerness Wind Farm (was Lappel Bank),8.2,[2.05],[4.0],0.7384731,51.4306783,
[],[3739],Stonish Hill (Bilsthorpe),10.3,[2.0],[5.0],-1.0149938,53.1481396,
[],[3741],Stags Holt Extension,2,[2.0],[1.0],0.1379262,52.5694094,
[],[3745],North Yell Wind Farm (Garth Community Wind Farm),4.5,[0.9],[5.0],-1.016061,60.6826805,
[],[3746],Glenurquhart and Strathglass Wind Farm project,10,[2.0],[5.0],-4.7459001,57.2827098,
[],[3748],Hyndburn Wind Farm,24,[2.0],[12.0],-2.3878338,53.7152796,
[],[3749],Tedder Hill Wind cluster,7.5,[2.5],[3.0],-0.0265619,53.7504014,
[],[3752],Lynemouth Windfarm (Resubmission),26,[2.0],[13.0],-1.5663409,55.2042694,
[],[3754],Wingates Wind Farm,15,[2.5],[6.0],-1.8676765,55.2457323,
[],[3757],Wathegar wind farm,10,[2.0],[5.0],-3.2395858,58.4399011,
[],[3758],Allt Dearg Wind Farmers LLP,10.8,[0.9],[12.0],-5.4867929,55.9319125,
[],[3761],Hameldon Hill extension,7.5,[2.5],[3.0],-2.2983456,53.7682909,
[],[3764],Dalby,7.2,[0.8],[9.0],-1.0343142,52.8054323,
[],[3765],Glass moor Extension,12,[2.0],[6.0],-0.0997526,52.5119698,
[],[3776],Upper Wheedlemont Farm,1.7,[0.85],[2.0],-2.8771507,57.3192306,
[],[3784],Shielburn Farm,6.9,[2.3],[3.0],-2.5355844,57.4935227,
[],[3791],Seamer Wind Farm - Hambleton,4,[2.0],[2.0],-1.2600751,54.4953692,
[],[3793],Newthorpe Wind Turbine,2.5,[2.5],[1.0],-1.2953386,52.9988639,
[],[3799],Torrance Farm,9,[3.0],[3.0],-3.7375953,55.874436,
[],[3802],Land at Overside and Greenwellheads Farms,9.2,[2.3],[4.0],-1.8975297,57.5828959,
[],[3806],Auchinderran Wind Farm,2.4,[0.8],[3.0],-2.6496989,57.5862116,
[],[3807],The Limes Wind Turbines,1.7,[0.85],[2.0],-0.2384628,53.7507992,
[],[3809],Milton of Fisherie Wind Cluster,4.6,[2.3],[2.0],-2.4101379,57.6196482,
[],[3810],Blantyre Muir Wind Farm,9,[3.0],[3.0],-4.1122492,55.7526409,
[],[3814],Lilbourne Wind Farm,10,[2.0],[5.0],-1.1591121,52.3860875,
[],[3819],Easter Melrose Wind Energy Project,1.5,[0.5],[3.0],-2.3762825,57.6582423,
[],[3827],Newton Marsh Wind Project,4.6,[2.3],[2.0],0.0071654,53.5089172,
[],[3828],North Pickenham Airfield,4,[2.0],[2.0],0.7332462,52.6286006,
[],[3835],Roos Wind Farm (Resubmission),17.1,[1.9],[9.0],-0.0610712,53.7453954,
[],[3836],Backhill of Yonderton Wind Cluster,4.6,[2.3],[2.0],-2.4178716,57.596486,
[],[3837],Spurness Wind Farm Repowering,10,[2.0],[5.0],-2.6940368,59.1941176,
[],[3840],St Johns Wells Wind Cluster Extension,3.2,[0.8],[4.0],-2.3325105,57.4278915,
[],[3850],Altaveedan Wind Farm,17.9,[2.35],[6.0],-6.2619868,55.0776738,
[],[3856],Ystgellog Farm Wind Farm,4.6,[2.3],[2.0],-4.3966951,53.3928339,
[],[3857],NEILSTON WIND FARM,9.2,[2.3],[4.0],-4.463202,55.7538328,
[],[3859],Greencroft Estate Turbines,4,[2.0],[2.0],-1.747424,54.8492928,
[],[3862],Crossness Sewage Works Turbine,2.5,[2.5],[1.0],0.1420333,51.5023652,
[],[3873],Muirhall Extension,6.8,[3.4],[2.0],-3.5773205,55.7541899,
[],[3887],Nash Waste Water Treatment Works Turbine,2.5,[2.5],[1.0],-2.958584,51.5515454,
[],[3890],Marston Vale Country Park Wind Turbine,1.5,[1.5],[1.0],-0.5292465,52.0639267,
[],[3896],Mynydd Y Gwrhyd Windfarm,4.7,[2.35],[2.0],-3.8443074,51.7810214,
[],[3904],Newton Down,5,[2.0],[2.0],-3.6645556,51.5008291,
[],[3905],North Steads Wind Farm,18.5,[3.0],[9.0],-1.6181569,55.268867,
[],[3911],Hill of Tillymorgan (Kirkton Farm) Wind turbines,9.6,[3.2],[3.0],-2.5808314,57.3977803,
[],[3915],LADEHEAD FARM - WIND TURBINES,2.4,[1.3],[3.0],-3.9301881,55.6458744,
[],[3917],Garlenick Estate 2 - Wind Turbines,4,[2.0],[2.0],-4.8834742,50.3038483,
[],[3918],Goonabarn Farm Wind Turbines,1,[0.5],[2.0],-4.965477,50.3459895,
[],[3924],Bloodhills - repowering,1,[0.5],[2.0],1.6673243,52.7132085,
[],[3925],Ardoch and Over Enoch Wind Farm (Ardoch),7.2,[2.5],[3.0],-4.2512412,55.7121991,
[],[3927],Avonmouth Port II,5,[2.5],[2.0],-2.6751309,51.5342297,
[],[3928],Tween Bridge Windfarm,44,[2.0],[22.0],-0.9080732,53.6122919,
[],[3931],Mynydd Portref,9.4,[0.85],[11.0],-3.4633758,51.5612639,
[],[3932],Fforch Nest Wind Farm pt2,17.5,[2.5],[7.0],-3.4929393,51.6144624,
[],[3935],Wadlow Wind Farm,26,[2.0],[13.0],0.301691,52.1560688,
[],[3936],Bradwell Wind Farm (Repower),20,[2.0],[10.0],0.922748,51.7179932,
[],[3937],Hazlehead,6,[2.0],[3.0],-1.7308983,53.5341586,
[],[3938],Kiln Pit Hill Windfarm,12,[2.0],[6.0],-1.9158214,54.8844452,
[],[3941],Otterham Down Wind Farm,3.2,[0.8],[4.0],-4.6068651,50.6911878,
[],[3942],Sixpenny Wood Windfarm,33,[3.3],[10.0],-0.7969959,53.7389465,
[],[3943],Earl's Hall,10.3,[2.05],[5.0],1.1122848,51.8126175,
[],[3944],Mawdesley Moss,2.3,[0.75],[3.0],-2.7744956,53.6394588,
[],[3948],Hall Farm Routh,24.6,[2.05],[12.0],-0.3624551,53.8816094,
[],[3953],Glenconway,18.4,[2.3],[8.0],-7.0235852,54.9764865,
[],[3955],Glenconway 2 (formerly Altahullion Phase III),27.6,[2.3],[12.0],-7.0348428,54.9603429,
[],[3956],Fforch Nest Wind Farm pt1,10,[2.5],[4.0],-3.4935199,51.6053845,
[],[3957],Hampole Wind Farm,8,[2.0],[4.0],-1.226717,53.5746258,
[],[3958],Blackstone Edge,7.5,[2.5],[3.0],-1.7046132,53.5439693,
[],[3962],Glenbuck II,6.9,[3.0],[5.0],-6.444547,54.9992684,
[],[3963],Marr Windfarm,8,[2.0],[4.0],-1.2411815,53.5328832,
[],[3964],Nissan Motors Plant Extn,2,[0.6],[3.0],-1.4740703,54.913994,
[],[3968],Hill of Fiddes,6.9,[2.3],[3.0],-2.1138701,57.3163058,
[],[3969],Dunmore,21,[3.0],[7.0],-6.823868,55.0965116,
[],[3971],Cotton Farm,20,[2.5],[8.0],-0.1967071,52.2598366,
[],[3972],Land at Flimby Hall Farm,6.2,[2.05],[3.0],-3.4926683,54.684202,
[],[3976],Carland Cross Wind Farm Repowering,20,[2.0],[10.0],-5.0460369,50.3491455,
[],[3978],Yelvertoft Wind Farm,16,[2.0],[8.0],-1.1508329,52.3752518,
[],[3980],Mains of Hatton,2.4,[0.8],[3.0],-2.5070427,57.4675421,
[],[3982],Tilbury Docks,12,[3.0],[4.0],0.3499984,51.4526504,
[],[3984],Seamer Windfarm - Stockton on Tees,6,[2.0],[3.0],-1.2574398,54.4909732,
[],[3985],South Sharpley Wind Farm (Revised),7.5,[2.5],[3.0],-1.4095509,54.833702,
[],[3986],Armistead Wind Farm,12,[2.0],[6.0],-2.6433355,54.2750268,
[],[3987],Withernwick,18,[2.0],[9.0],-0.1609377,53.8488771,
[],[3988],Loch Sminig Wind Project,2.7,[0.9],[3.0],-6.4997975,58.3832445,
[],[3992],Burton Pidsea (Wadworth Hill) Wind Farm,10.2,[3.4],[3.0],-0.1134603,53.7489747,
[],[4009],Drumderg,36.8,[2.3],[16.0],-3.3437987,56.6811484,
[],[4013],Novar Wind Farm (Extension),36.8,[2.3],[16.0],-4.437208,57.7140619,
[],[4019],Middlemoor,54,[3.0],[18.0],-1.7575976,55.4986679,
[],[4022],Braich Ddu,3.9,[1.3],[3.0],-3.4726457,52.9569602,
[],[4023],Drone Hill,28.6,[1.3],[22.0],-2.2584051,55.9048547,
[],[4026],Ray Wind Farm,54.4,[3.5],[16.0],-2.0684726,55.1698967,
[],[4027],Calliachar,32.2,[2.3],[14.0],-3.8764409,56.5656182,
[],[4029],High Pow Farm,3.9,[1.3],[3.0],-3.1722322,54.7737858,
[],[4033],Fullabrook Down Wind Farm,66,[3.0],[22.0],-4.1028343,51.1297611,
[],[4034],Little Raith Farm,25,[2.8],[9.0],-3.3045732,56.1085203,
[],[4039],Pant y wal,25,[2.5],[10.0],-3.5145191,51.5976728,
[],[4041],Crighshane,32.2,[2.0],[14.0],-7.7959894,54.6419988,
[],[4044],Green Rigg,36,[2.0],[18.0],-2.1254669,55.1323964,
[],[4047],Church Hill,18.4,[2.0],[8.0],-7.71799,54.654029,
[],[4054],Slieve Divena Phase 2 Wind Farm,18.8,[2.5],[8.0],-7.0993993,54.5134351,
[],[4055],Bankend Rig,14.3,[1.3],[11.0],-4.1380917,55.5759274,
[],[4056],Hill of Easterton Extension,2,[1.0],[2.0],-2.3936792,57.376506,
[],[4057],Batsworthy Cross,18,[2.0],[9.0],-3.6840921,50.9766915,
[],[4058],Slieve Kirk,73,[2.3],[12.0],-7.2550592,54.912491,
[],[4061],Mynydd y Betws,34.5,[2.3],[15.0],-3.9264958,51.7778905,
[],[4062],Ark Hill,6.4,[0.8],[8.0],-3.0492723,56.5694124,
[],[4063],Pentland Road Wind Farm,13.8,[2.3],[6.0],-6.501587,58.2326781,
[],[4066],Molly Mountain,15,[3.0],[5.0],-7.6288168,54.1941003,
[],[4067],Turncole Wind Farm,17.5,[2.0],[7.0],0.8693351,51.6417944,
[],[4068],Derby Sewage Treatment Works,5,[3.4],[2.0],-1.4190736,52.9104748,
[],[4069],Grange,12.3,[2.05],[6.0],-0.7004672,53.6353339,
[],[4070],Goole Fields ll Wind Farm,34.9,[2.05],[17.0],-0.8906884,53.666779,
[],[4072],Edintore Wind Farm,18,[3.0],[6.0],-2.9635119,57.5071815,
[],[4076],Common Barn Wind Farm,6.2,[3.0],[3.0],-0.2838443,52.2756703,
[],[4078],Clentrie Wind Farm (Gevens),6.9,[2.3],[3.0],-3.254204,56.1128196,
[],[4084],Kelmarsh Wind Farm (Resubmission),12.5,[2.5],[5.0],-0.9427787,52.4019263,
[],[4085],Torrance Farm Wind Park Extension,5.7,[3.0],[2.0],-3.7375953,55.874436,
[],[4093],Skeddoway Farm Wind Turbine,1.5,[1.5],[1.0],-3.1786198,56.1678592,
[],[4094],Middle Balbeggie Wind Turbines,6.4,[3.2],[2.0],-3.1642198,56.1564673,
[],[4097],Upper Holton Wind Farm,11.5,[2.3],[5.0],1.5367632,52.3642397,
[],[4104],Tallentire Hill,12,[2.0],[6.0],-3.3717571,54.7164524,
[],[4109],Meikle Carewe,10,[0.85],[12.0],-2.2751463,57.0171352,
[],[4112],Castlecraig,25,[2.5],[10.0],-7.5911897,54.621079,
[],[4113],East Midlands Airport,1,[0.25],[4.0],-1.3411519,52.8245479,
[],[4114],Kildrummy Windfarm,18.4,[2.3],[8.0],-2.962811,57.2733485,
[],[4116],Airfield Farm (Podington),8.6,[2.0],[3.0],-0.6057321,52.2310599,
[],[4121],Hill of Stroupster Windfarm,29.9,[2.5],[12.0],-3.1380267,58.579174,
[],[4125],Burnhead,26,[2.0],[13.0],-3.7809283,55.9071478,
[],[4133],Easter Tolmauds,1.6,[0.8],[2.0],-2.6174983,57.1518629,
[],[4138],Maerdy,24,[3.0],[8.0],-3.5128077,51.6903915,
[],[4140],Woodlands Barton Wind Project,4.6,[2.3],[2.0],-4.8147256,50.4251872,
[],[4141],Westnewton,6.2,[2.05],[3.0],-3.3489482,54.7736119,
[],[4142],Windyhill Road (Dunbeg) Wind Farm,42,[3.0],[14.0],-6.8223164,55.0873144,
[],[4156],Crockandun,15,[2.5],[6.0],-6.7782411,54.7375794,
[],[4159],Avonmouth Port - extension,9,[3.0],[3.0],-2.7093117,51.511443,
[],[4163],Barmoor South Wind Farm,13.8,[2.3],[6.0],-2.0236828,55.6384238,
[],[4164],Winwick,12.3,[2.3],[6.0],-1.0618785,52.3649901,
[],[4167],Sisters,8.2,[2.05],[4.0],-1.6093621,55.2519546,
[],[4168],East Youlstone Wind Farm,4,[2.0],[2.0],-4.4498228,50.9162289,
[],[4170],Hill of Skilmafilly Cloffrickford (Denmore) Wind Farm,6.9,[2.3],[3.0],-2.1665465,57.4513195,
[],[4174],Heysham South Wind Farm,7.5,[2.5],[3.0],-2.8711358,54.0317162,
[],[4175],Woolley Hill Wind Farm,10,[2.3],[4.0],-0.2953358,52.3437747,
[],[4177],Furness Wind Farm/High Winds (Harlock Repowering),11.5,[2.3],[5.0],-3.1454164,54.2056515,
[],[4179],Quixwood Moor,29.9,[2.3],[13.0],-2.3512253,55.8693763,
[],[4184],Auchadaduie Wind Farm,6.9,[2.3],[3.0],-5.6600404,55.5641687,
[],[4193],Mynydd Brombil Wind Farm,8,[2.0],[4.0],-3.7486339,51.5835232,
[],[4194],Mynydd Portref Wind Farm extension,12,[2.0],[6.0],-3.4574267,51.5626642,
[],[4200],Inverclyde Wind Farm (Corlic Hill),24,[3.0],[8.0],-4.7273293,55.9162201,
[],[4206],Ryder Point Quarry Wind Turbines,5,[2.5],[2.0],-1.6178321,53.0910692,
[],"[4210, 4210]",Burton Wold Wind Farm - Northern Extension,14.4,[1.6],[9.0],-0.6475336,52.3639576,
[],[4211],Pearie Law Wind Farm,19.2,[3.2],[6.0],-3.5639764,55.8200162,
[],[4218],Drumduff,8.5,[2.83],[3.0],-3.7701245,55.9061789,
[],[4223],Rhodders Wind Farm,12,[2.0],[6.0],-3.7823937,56.2041035,
[],[4227],Dunsland Cross Wind Farm,7.5,[3.0],[3.0],-4.2598008,50.8074815,
[],[4233],Potato Pot Wind Farm,6,[2.0],[3.0],-3.4867921,54.6055853,
[],[4235],Millour Hill Community Windfarm (Extension),6.4,[3.2],[2.0],-4.7740053,55.7381755,
[],[4240],Blantyre Muir Wind Farm extension,7.5,[2.5],[3.0],-4.1217605,55.7524979,
[],[4246],Corby Knowe,5,[1.6],[3.0],-6.1804929,54.7768386,
[],[4247],Earlsburn North (Kingsburn) Wind Farm,22.5,[2.5],[9.0],-4.1086102,56.0799678,
[],[4248],Wryde Croft,26,[2.0],[13.0],-0.0344352,52.6421946,
[],[4249],Brockaghboy Wind Farm,37.5,[2.5],[15.0],-6.7306059,54.9327236,
[],[4250],Wandylaw,20.5,[1.95],[10.0],-1.7879912,55.5166051,
[],[4253],Black Law Extension - 1a,48.4,[1.67],[29.0],-3.7548872,55.7763267,
[],[4255],Crockbaravally Wind Farm,7.5,[2.5],[3.0],-7.0398243,54.5155544,
[],[4256],Bishopthorpe,16.4,[2.0],[8.0],0.0015768,53.5152418,
[],[4260],Keadby Wind Farm,68,[2.0],[34.0],-0.7651136,53.6106094,
[],[4263],Tormywheel,30.8,[2.6],[15.0],-3.6746184,55.8046458,
[],[4264],Eglish Mountain,13.8,[2.3],[6.0],-7.2195254,54.8921684,
[],[4266],Den Brook,18,[2.0],[9.0],-3.8613997,50.7850831,
[],[4272],Point Wind / Beinn Ghrideag Farm,9,[3.0],[3.0],-6.4862844,58.2101359,
[],[4281],Muirhall South,8.3,[3.2],[3.0],-3.5773205,55.7541899,
[],[4295],Double Arches Quarry Wind Turbine,1.5,[1.5],[1.0],-0.6319537,51.9432493,
[],[4299],Lochend Wind Farm,9.2,[2.3],[4.0],-3.2427103,58.6017245,
[],[4316],Hallburn Farm,13.2,[2.2],[6.0],-2.9209819,55.0031546,
[],[4321],Coal Clough Wind Farm Repowering,16,[2.0],[8.0],-2.1598654,53.7508091,
[],[4325],Shantavny Scotch,16.1,[2.0],[7.0],-7.0960553,54.4933844,
[],[4326],Shepham Lane,7.5,[2.5],[3.0],0.272924,50.8261966,
[],[4327],Sober Hill Wind Farm,15,[2.5],[6.0],-0.5981698,53.8354255,
[],[4330],Achlachan Wind Farm,10,[2.0],[5.0],-3.4560049,58.4472556,
[],[4335],Alveston Wind Park,6.9,[2.3],[3.0],-2.5073661,51.5569459,
[],[4345],Boardinghouse Wind Farm,10.3,[2.05],[5.0],0.0389195,52.5201164,
[],[4350],Cairnborrow,10,[2.5],[5.0],-2.8969842,57.4681188,
[],[4354],Crook Hill (Calderdale MBC) 1 of 2,13.6,[3.4],[4.0],-2.1092457,53.673208,
[],[4360],Deuchries,6.9,[2.3],[3.0],-2.6013136,57.5826549,
[],[4362],Dungavel Hill,29.9,[2.3],[13.0],-4.095642,55.602959,
[],[4363],Earlseat,18.4,[2.3],[8.0],-3.0957573,56.1700088,
[],[4369],Gayton Le Marsh Wind Farm,16.4,[2.05],[8.0],0.1647162,53.3613285,
[],[4390],Lambs Hill,8,[2.0],[4.0],-1.4442065,54.6066125,
[],[4395],Lochluichart (Extension),18,[3.0],[6.0],-4.8052529,57.6627903,
[],[4399],M1 Wind Farm,7.2,[0.8],[9.0],-0.8616199,52.161257,
[],[4403],New Rides Wind Farm,8.8,[2.0],[4.0],0.8619117,51.3894236,
[],[4408],Ovenden Moor (Repower),18,[2.5],[9.0],-1.9392856,53.7800678,
[],[4409],Pant y wal extension,20,[2.5],[8.0],-3.5145191,51.5976728,
[],[4410],Park Spring Wind Farm,8.6,[2.85],[3.0],-1.3697666,53.5578783,
[],[4412],Pen Bryn Oer Wind Farm,4,[1.33],[3.0],-3.2750736,51.7759414,
[],[4414],Ramsey Wind Farm Extension,8,[2.0],[4.0],-0.1192503,52.466001,
[],[4415],Red Gap Moor Wind Farm,12.5,[2.5],[5.0],-1.3223137,54.6554871,
[],[4419],Todmorden Moor,12.3,[3.0],[5.0],-2.1570959,53.7202484,
[],[4424],Watford Lodge,12.5,[2.0],[5.0],-1.1152054,52.3274219,
[],[4425],Wathegar 2 Wind Farm,18.5,[2.05],[9.0],-3.2212086,58.4377719,
[],[4427],West Browncastle,30,[2.5],[12.0],-4.2077543,55.659334,
[],[4432],Withernwick extension,8.2,[2.05],[4.0],-0.162927,53.8578198,
[],[4435],Barlockhart Moor,8.1,[2.03],[4.0],-4.7745336,54.8750809,
[],[4445],Balmurrie Fell Wind Farm,9.1,[1.3],[7.0],-4.777777,54.967459,
[],[4449],Solwaybank Wind Farm,30,[2.0],[15.0],-3.1094763,55.1049314,
[],[4450],Burnfoot Hill Extension,4,[2.0],[2.0],-3.7694038,56.2077611,
[],[4483],Lawrence Landfill,1.6,[0.8],[2.0],-5.0008548,51.7749694,
[],[4484],Plascow wind cluster,2.4,[0.8],[3.0],-3.7600938,54.9562939,
[],[4485],Maesgwyn Wind Farm - extension,2.5,[2.5],[1.0],-3.6516556,51.7603391,
[],[4497],Norton Fields Farm,1.3,[1.3],[1.0],-2.1427763,52.1643311,
[],[4508],North Rhins,22,[2.0],[11.0],-5.0875545,54.8736625,
[],[4511],Jacksbank Wind Farm (Glenbervie),6.8,[2.26],[3.0],-2.3732561,56.9350926,
[],[4513],New Albion Wind Farm,14.4,[2.05],[7.0],-0.7565734,52.4503389,
[],[4518],Artfield Fell,19.5,[1.3],[15.0],-4.7634807,54.9645089,
[],[4519],Wether Hill,18.2,[1.3],[14.0],-4.0531716,55.2206552,
[],[4524],Craig Wind Farm,10,[2.5],[4.0],-3.0670002,55.1656519,
[],[4527],Brochloch Rig 1 (formerly Windy Standard),21.6,[0.6],[36.0],-4.1975045,55.2974343,
[],[4532],Hawton Wind Farm,9,[2.5],[3.0],-0.8089077,53.039372,
[],[4544],Beck Burn,31,[3.45],[9.0],-3.0237161,55.0110677,
[],[4549],Melton Common Wind Cluster,4.6,[2.3],[2.0],-0.5335409,53.71499,
[],[4552],Clocaenog Forest Wind Farm,96,[3.0],[32.0],-3.4760069,53.079855,
[],[4558],Rathsherry,21,[2.3],[9.0],-6.186668,54.9324857,
[],[4575],Hoprigshiels Community Wind Farm,6.9,[2.3],[3.0],-2.4101472,55.9085387,
[],[4580],Black Law Extension - 1b,15,[3.0],[5.0],-3.7548872,55.7763267,
[],[4598],M1 J18 Wind Turbines,4,[2.0],[2.0],-1.158628,52.3510994,
[],[4600],Penmanshiel Wind Farm,28.7,[2.0],[14.0],-2.294728,55.8963797,
[],[4601],Kinegar Quarry,5,[2.5],[2.0],-2.3793555,55.9216071,
[],[4604],St. Breock Re-Power,10,[2.5],[5.0],-4.857874,50.4840201,
[],[4620],Langhope Rig,16,[1.6],[10.0],-2.9636701,55.4670771,
[],[4624],Galsworthy Wind Park,9.2,[2.3],[4.0],-4.2723091,50.9185075,
[],[4629],Monan Hill Wind Turbines,1.5,[0.5],[3.0],-6.8293191,57.9427984,
[],[4637],French Farm,4,[2.5],[2.0],-0.0999101,52.6628341,
[],[4642],Moor House Wind Farm,12,[2.5],[6.0],-1.4987183,54.5694784,
[],[4644],Llynfi Afan Renewable Energy Park,6,[2.0],[3.0],-3.6037147,51.6448262,
[],[4647],Fraisthorpe Wind Farm,29.7,[3.3],[9.0],-0.2297897,54.0472165,
[],[4648],Mynydd Y Gwair Wind Farm,32.8,[3.0],[16.0],-3.9537543,51.7549297,
[],[4649],Jack's Lane Wind Farm,13.8,[2.3],[6.0],0.7063057,52.8842358,
[],[4651],Denzell Downs Wind Farm,10,[2.0],[5.0],-4.9597098,50.465457,
[],[4653],Cregganconroe,13.8,[2.3],[6.0],-6.9661023,54.6144713,
[],[4655],Reaps Moss Wind Farm,10.2,[3.4],[3.0],-2.1636699,53.7041177,
[],[4656],"Llynfi Renewable Energy Park, Land at Mynydd Caerau",18,[2.0],[12.0],-3.593865,51.636806,
[],[4657],Chiplow,8.2,[2.0],[5.0],0.6929296,52.8557339,
[],[4658],Hook Moor,10.3,[2.05],[3.0],-1.3311316,53.8083937,
[],[4659],Crook Hill (Rochdale MBC) 2 of 2,23.8,[3.4],[7.0],-2.1230485,53.6756972,
[],[4660],Far Marsh Farm,7.5,[2.5],[3.0],-0.1142689,53.6777097,
[],[4661],Wear Point,8.2,[2.05],[4.0],-4.985644,51.7023246,
[],[4662],Middlewick wind farm,20.7,[2.3],[9.0],0.8892338,51.6595385,
[],[4665],Carsington Pasture,8,[2.0],[4.0],-1.6315077,53.0863996,
[],[4666],Langford Wind Farm,20,[2.0],[10.0],-0.2497945,52.0602717,
[],[4668],Ardrossan Extension,6,[2.0],[3.0],-4.8079067,55.6867292,
[],[4670],Blaengwen,23,[2.3],[10.0],-4.2338799,51.9752328,
[],[4671],Boyndie Airfield,16.7,[2.0],[8.0],-2.6325601,57.6643026,
[],[4672],Burton Wold Windfarm,20,[2.0],[10.0],-0.6475336,52.3639576,
[],[4675],Fairburn,43,[2.15],[20.0],-4.6447654,57.5333944,
[],[4677],Ffynnon Oer Wind Farm,32,[2.0],[16.0],-3.6709919,51.6760356,
[],[4679],Forss Wind Farm (Extension),5.2,[1.3],[4.0],-3.6883892,58.603924,
[],[4680],Lough Hill,10.5,[1.75],[6.0],-7.6109982,54.6260302,
[],[4681],Michelin Tyre Co Ltd - Dundee,4,[2.0],[2.0],-2.896476,56.4842758,
[],[4683],Muirhall,12.3,[3.0],[6.0],-3.5773205,55.7541899,
[],[4684],Mynydd Clogau Wind Farm,14.5,[0.85],[17.0],-3.432575,52.581386,
[],[4685],New Barn Farm,4.5,[1.5],[3.0],-2.2905156,53.7662054,
[],[4686],North Pickenham,14.4,[1.8],[8.0],0.7244211,52.6258108,
[],[4689],Tir Mostyn And Foel Goch Wind Farm,21.3,[0.85],[25.0],-3.4877139,53.105288,
[],[4690],Trimdon Grange,5.2,[1.3],[4.0],-1.440597,54.7194179,
[],[4691],Wardlaw Wood,18,[3.0],[6.0],-4.7841892,55.7342465,
[],[4892],Gawnsmoss Cluster,2.4,[0.8],[3.0],-2.6074307,57.616291,
[],[4976],Beckton Sewage Treatment Works,2.2,[1.0],[2.0],0.0778078,51.5220443,
[],[4995],Melton Waste Park,5,[2.5],[2.0],-0.536109,53.7150886,
[],"[5277, 5277]",Burton Wold Wind Farm South,7.5,[2.75],[3.0],-0.6575817,52.3534215,
[],[5555],ANP Newport Wind Turbine,2.3,[2.3],[2.0],-2.9729957,51.5572998,
[],[5598],Brenig Wind Farm,37.6,[3.0],[16.0],-3.5035494,53.1068624,
[],[6173],Woodlands Wind Farm,2.6,[0.85],[3.0],-3.9213918,55.6315331,
[],[6388],Ferneylea Farm,1.5,[0.75],[2.0],-2.4187012,55.9134923,
[],[2470],East Anglia 3 (EA 3),1400,[14.0],[100.0],2.172796159,52.13696213,
[],[2517],Dogger Bank C (was Teesside A),1200,[6.0],[200.0],,,
[],[2528],Levenmouth demonstration turbine (Fife Energy Park),7,[6.0],[1.0],-2.957965488,56.16068734,
[],[2555],South Beach Wind Turbine (Somerton),1.5,[1.47],[1.0],1.654485391,52.70992111,
[],[2556],Swaffham 1 - Ecotech Wind Park,1.5,[1.47],[1.0],0.6832876103,52.65675163,
[],[2613],Great Orton Wind Farm (Extension),2.3,[0.4],[6.0],-3.072043745,54.87063821,
[],[2617],Harlock Hill Wind Farm,2.5,[0.5],[5.0],-3.146715391,54.20488828,
[],[2687],FMC Technologies,1.5,[0.75],[2.0],-3.446591178,56.05643749,
[],[2691],Boyndie Airfield Extension,2.3,[2.3],[1.0],-2.651822136,57.66064902,
[],[2694],Blue Gates Farm,1.5,[1.5],[1.0],1.004244767,51.86310072,
[],[2695],Celcon Blocks Ltd,2,[2.0],[1.0],-1.084136723,53.67698625,
[],[2704],"F M C Land, Pitreavie Business Park",1.5,[1.5],[1.0],-3.444331284,56.05397501,
[],[2742],"West Hill, Flotta",2,[2.0],[1.0],-3.123098448,58.82695825,
[],[2782],Courtstone Wind Turbine,2.3,[2.3],[1.0],-2.26096363,57.3919655,
[],[2830],Wind Turbine 1,2.3,[2.3],[1.0],-6.019573548,54.68793263,
[],[2866],Ballymena Wind Park Limited,4.7,[2.35],[2.0],-6.233118688,54.87951109,
[],[2875],MARCH SEWAGE TREATMENT WORKS - WIND TURBINE,2,[2.0],[1.0],0.1214962479,52.57135661,
[],[2888],Brockaghboy Wind Farm - extension,10,[3.0],[4.0],-6.869169729,54.89911848,
[],[2921],Chelker Reservoir,1.3,[0.3],[4.0],-1.914158348,53.96244661,
[],[2932],Croda Chemicals Europe,3,[3.0],[1.0],-1.007211654,53.68235141,
[],[3077],Carn Vean,10,[2.0],[5.0],-5.187510848,50.17989458,
[],[3078],Dewlay Cheese Wind Turbine,2,[2.0],[1.0],-2.785947036,53.8882703,
[],[3093],National Wind Turbine Test Site,4.7,[2.3],[2.0],-4.284371091,55.69067649,
[],[3101],Long Hill Road,2,[2.0],[1.0],0.0893207422,52.5731158,
[],[3105],Ness point Wind Turbine 1,2.3,[2.3],[1.0],1.761041302,52.48044371,
[],[3106],Elliot's Hill Wind Farm,5,[0.5],[10.0],-6.118937439,54.73894297,
[],[3112],Rigged Hill Wind Farm,5,[0.5],[10.0],-6.819784669,55.02185786,
[],[3120],Thorfinn Wind Farm - NM1500,1.5,[1.5],[1.0],-3.143835245,59.11310203,
[],[3122],Slieve Rushen Phase 1 Wind Farm,5,[0.5],[10.0],-7.628381252,54.19028611,
[],[3129],Stags Holt,18,[2.0],[9.0],0.1233093473,52.56978657,
[],[3130],Tappaghan,19.5,[1.5],[13.0],-7.695546185,54.54714132,
[],[3159],Swaffham Plashes II,1.8,[1.79],[1.0],0.7007219822,52.65770426,
[],[3161],Shooters Bottom Wind Park,2,[2.0],[1.0],-2.583442366,51.25436458,
[],[3168],Bessy Bell Extension,9,[1.3],[6.0],-7.426501502,54.70504238,
[],[3179],The Haven,1.2,[1.2],[1.0],-2.318408014,52.12898669,
[],[3191],Garves Mountain Farm,15,[3.0],[5.0],-6.564828581,55.00176321,
[],[3223],Southern Law,5.2,[1.3],[4.0],-1.43486296,54.72218763,
[],[3242],Wolf Bog Wind Farm,8.8,[1.75],[5.0],-6.080578795,54.80430735,
[],[3245],Slieve Divena Phase 1 Wind Farm,30,[2.5],[12.0],-7.106372602,54.50860388,
[],[3251],Land approx 75m South of 141,20,[2.5],[8.0],-7.088572735,54.68630213,
[],[3253],Hunter's Hill,20,[2.5],[8.0],-7.341481199,54.43900167,
[],[3263],Screggagh,19.5,[2.5],[8.0],-7.33287279,54.46240419,
[],[3294],Cnoc Donn Arnicle,15,[0.57],[26.0],-5.568101355,55.58002381,
[],[3296],"Bendealt Wind Farm, Highland",9,[0.5],[18.0],-4.42665507,57.70548291,
[],[3321],New Holland,1,[0.5],[2.0],-2.868910889,58.91328963,
[],[3403],Denhill,2.3,[2.3],[1.0],-2.341029257,57.41114073,
[],[3405],Gairnieston Farm,2.3,[2.3],[1.0],-2.424052167,57.59357709,
[],[3408],"Burgar Hill (land Near), Evie",2.3,[2.5],[1.0],-3.149223245,59.11754496,
[],[3429],Moorhouse Farm,1,[0.5],[2.0],-2.250844122,55.90390009,
[],[3466],Hedley Hope,2.4,[0.8],[3.0],-1.757538636,54.76369886,
[],[3503],Benbrack Wind Farm,72,[4.0],[18.0],-4.311954517,55.26718917,
[],[3510],Worksop - B&Q,2,[2.0],[1.0],-1.075746015,53.29977176,
[],[3548],Methlick Farmers Wind Energy Project,12,[2.0],[6.0],-2.243116087,57.42759961,
[],[3556],Bryn Du,16.4,[0.42],[39.0],-3.706969519,52.4146724,
[],[3566],Lendrum's Bridge Wind Farm ( Extension 2),7.3,[0.66],[11.0],-7.148872713,54.3938439,
[],[3568],Lendrum's Bridge Wind Farm,5.9,[0.66],[9.0],-7.183374347,54.39266072,
[],[3633],Hazelside farm,1.6,[0.8],[2.0],-3.884174808,55.55754902,
[],[3659],Blyth Harbour Wind Farm,2.7,[0.3],[9.0],-1.495205013,55.12544429,
[],[3667],The Rosti Factory,2.2,[2.2],[1.0],-3.960607425,55.72465741,
[],[3678],Magherafelt,1,[1.0],[1.0],-6.647681406,54.76905418,
[],[3680],The Michelin Tyre Factory - Ballymena,4.6,[2.3],[2.0],-6.19858556,54.87281477,
[],[3698],Greenhill Croft,4.6,[2.3],[2.0],-2.201071207,57.59459605,
[],[3699],Severn Trent STW,2.5,[2.5],[1.0],-1.117870592,52.69806638,
[],[3713],Crockbrack,2,[2.0],[1.0],-6.955142017,54.61450029,
[],[3716],Connaught Road,1.7,[0.85],[2.0],-6.307074658,54.76606253,
[],[3717],Crockagarron Ext,2.5,[2.5],[1.0],-7.008995193,54.55157739,
[],[3718],Castle of Auchry Farm,2.4,[0.8],[3.0],-2.44769034,57.28274832,
[],[3723],Yonderton Farm,1,[0.5],[2.0],-1.941899762,57.43082207,
[],[3734],Sharpness Docks,2,[2.0],[1.0],-2.482868736,51.72373234,
[],[3747],Damhead Farm,2.5,[2.5],[1.0],-3.933483748,55.85390408,
[],[3792],Fanny House Farm/Heysham Moss,1.5,[1.5],[1.0],-2.871896289,54.03793549,
[],[3795],Chelveston Renewable Energy Park Wind Farm (Bedford),10,[2.5],[4.0],-0.5372766389,52.30765448,
[],[3803],Lancaster University (wind),2,[2.0],[1.0],-2.779535535,54.00722909,
[],[3804],Myreton Crossroads,1.6,[0.8],[2.0],-2.842541716,57.59896081,
[],[3818],Tullo Wind Farm North Extension (Shiels Wind Farm),7.5,[2.5],[3.0],-2.410128723,56.8439857,
[],[3832],Wythegill Wind Turbine,2.3,[2.3],[1.0],-3.523089946,54.67413262,
[],[3841],GlaxoSmithKline Wind Project,7.5,[2.5],[3.0],-4.633856416,55.59791338,
[],[3842],K L Technologies Wind Turbine,1.5,[1.5],[1.0],0.3857618335,52.771197,
[],[3852],Corkey Wind Farm Extension,2.5,[2.5],[1.0],-6.279681178,55.04450153,
[],[3855],Ardoch and Over Enoch Wind Farm (Over Enoch),4.3,[2.3],[2.0],-4.252077744,55.71014687,
[],[3877],Clondermot Turbines,4.6,[2.3],[2.0],-7.312866779,54.96789509,
[],[3893],Energy Works Hull - Wind Turbine,3,[3.0],[1.0],-0.3304065665,53.75855621,
[],[3897],Severn Trent Water - Stoke Bardolph Wind Turbine,1.5,[2.5],[1.0],-1.043963073,52.97579871,
[],[3902],Barns of Ayre Wind Turbines (2),1.8,[0.9],[2.0],-2.715652687,58.92171088,
[],[3933],Gortfinbar,15,[2.5],[6.0],-7.019673347,54.54400712,
[],[3934],Carn Hill,13.8,[2.3],[6.0],-5.911774183,54.7313075,
[],[3946],Chelveston Renewable Energy Park Wind Farm (East Northamptonshire),12.5,[2.5],[5.0],-0.5365798924,52.30119923,
[],[3947],Bewick Drift,2.3,[2.3],[1.0],-1.557172948,55.21522898,
[],[3961],Glenbuck,9.2,[2.3],[4.0],-6.412382121,55.01009754,
[],[4008],Bu Farm,2.7,[0.9],[3.0],-2.660083122,59.09724702,
[],[4024],Tangy Wind Farm Extension/Tangy 2,6,[0.85],[7.0],-5.530423268,55.4786148,
[],[4031],St. Johns Hill,15.8,[2.8],[9.0],-2.272428601,56.88855931,
[],[4042],Townlands of Carrickatane,20.7,[2.3],[9.0],-7.199662641,54.89489972,
[],[4048],Crockagarran,15,[2.5],[6.0],-7.016782453,54.55020111,
[],[4053],Thornog Windfarm,9.2,[2.3],[4.0],-7.559575978,54.60640211,
[],[4060],Cathkin Braes Wind Farm (Castlemilk),3,[3.0],[1.0],-4.215297296,55.79712301,
[],[4065],Slieveglass,6.9,[2.3],[3.0],-7.569203796,54.63549883,
[],[4075],Gremista Wind Farm,3,[3.0],[1.0],-1.167124973,60.19243678,
[],[4081],Thornog Windfarm Extension,9.2,[2.3],[4.0],-7.559575978,54.60640211,
[],[4088],Goathill Quarry Turbine,2,[2.0],[1.0],-3.320255869,56.08635474,
[],[4107],Pollnalaght (Cornavarrow),38.4,[3.2],[12.0],-7.440990847,54.56831752,
[],[4108],Seegronan,13.8,[2.3],[6.0],-6.299978489,54.63334119,
[],[4111],Eshmore,6.9,[2.3],[3.0],-6.942929757,54.55055842,
[],[4124],Tievenameenta,34.5,[2.3],[15.0],-7.590966778,54.70500603,
[],[4128],Sneddon Law Community Wind Farm,45,[3.0],[15.0],-4.394639262,55.64310532,
[],[4139],Altamuskin,7.1,[2.35],[3.0],-7.094584271,54.52220429,
[],[4143],Cloonty Wind Farm,12,[3.0],[4.0],-6.395780724,55.11849589,
[],[4151],Curraghamulkin (Dooish Wind Farm),30,[3.0],[10.0],-7.514104912,54.57783244,
[],[4152],Teiges,11,[2.2],[5.0],-7.3985076,54.30310659,
[],[4155],Monnaboy Wind Farm,12,[2.5],[4.0],-7.134032167,54.97914284,
[],[4196],Longlands Lane,1.5,[1.5],[1.0],-3.747902662,51.56331139,
[],[4245],Inishative,13.8,[2.3],[6.0],-7.009577389,54.56690401,
[],[4297],Craiggore windfarm,23.5,[1.8],[10.0],-6.801016125,54.9952422,
[],[4307],West Benhar wind farm,27.2,[3.4],[8.0],-3.764951182,55.8362903,
[],[4315],Sorbie Farm,9,[2.3],[3.0],-4.789441794,55.66349627,
[],[4320],Crockdun,12.5,[2.5],[5.0],-7.049374674,54.56889886,
[],[4328],Srondoire Community Wind Farm,6,[2.0],[3.0],-5.480491526,55.93409203,
[],[4346],Bogenlea Farm,2.3,[2.3],[1.0],-2.299954304,57.56624904,
[],[4361],Draperstown (Brackagh) Wind Farm,6,[2.0],[3.0],-6.708123203,54.81122424,
[],[4370],GlaxoSmithKline Wind Project (Turbine 4),2.5,[2.5],[1.0],-4.618168997,55.5928655,
[],[4374],Greenvale AP Wind Turbine,1.5,[1.5],[1.0],-0.0045691141,52.52068923,
[],[4377],Hendy Wind Farm,14.4,[2.5],[7.0],-3.274152998,52.23453041,
[],[4404],Noble Foods,1.5,[1.5],[1.0],-3.159267719,56.16406546,
[],[4411],Brotherton (formerly Paul Matthew Hill wind turbines),4.6,[2.3],[2.0],-2.371857232,56.81472065,
[],[4422],Tullo Wind Farm South (Ext.),10,[2.5],[4.0],-2.404900733,56.82741028,
[],[4465],Craig Wind Farm (Extension),2.5,[2.5],[1.0],-5.087101537,54.86848379,
[],[4493],Halifax Farm,1.6,[1.6],[1.0],-1.32520826,52.63982362,
[],[4501],Carscreugh Renewable Energy Park,15.3,[0.85],[18.0],-4.727950453,54.85910672,
[],[4504],Slieve Rushen Extension,54,[3.0],[18.0],-7.628381252,54.19028611,
[],[4514],Sunnyside wind cluster,1,[0.5],[2.0],-3.948901114,55.37902132,
[],[4529],Torrs Hill,4,[2.0],[2.0],-4.315920983,55.17327589,
[],[4557],Altamuskin Extension,7.1,[2.35],[3.0],-7.1113152,54.51275881,
[],[4563],Elginny Hill,22,[2.0],[11.0],-6.192826536,54.93261928,
[],[4628],Kype Muir Wind Farm Extension,75,[5.0],[15.0],-4.036092513,55.63265041,
[],[4650],Pigeon Top,27,[3.0],[9.0],-7.44964658,54.58728627,
[],[4652],Long Mountain,27.6,[2.0],[12.0],-6.441966667,54.98410209,
[],[4654],Ora More,15,[2.3],[6.0],-7.895875927,54.33850094,
[],[4663],Blyth Harbour Wind Farm (re-power),3.4,[3.4],[1.0],-1.490641504,55.12052797,
[],[4673],Callagheen,22.8,[1.75],[13.0],-8.092994976,54.41778069,
[],[4678],Flotta,1.8,[1.75],[1.0],-3.097258331,58.84123663,
[],[4688],Tappaghan Extension,9,[1.5],[6.0],-7.695546185,54.54714132,
[],[4747],Southrigg,1.5,[1.5],[1.0],-3.729528813,55.87105817,
[],[4790],Kingspan,1.8,[0.9],[2.0],-3.200769933,53.28968698,
[],[4908],Quarrendon Fields,1.5,[1.5],[1.0],-0.835968361,51.84240959,
[],[4917],Newstead and Annesley Wind Turbine,1.5,[1.5],[1.0],-1.217808733,53.07527676,
[],[4988],Kirk Hill Wind Farm,18.8,[2.35],[8.0],-4.739833493,55.30642351,
[],[5187],Hill of Lybster (Wind Turbine - Extension),1.5,[1.5],[1.0],-3.679813444,58.6012507,
[],[6013],"Parc Stormy, Stormy Down",2.5,[2.5],[1.0],-3.67114455,51.50772357,
[],[6033],Bodtegir,1.5,[1.5],[1.0],-3.498789449,53.01752602,
[],[6079],West of Rhiwfelin Fach Farm,1.5,[1.5],[1.0],-3.391405882,51.55888213,
[],[6106],Marshill Farm,1.5,[1.5],[1.0],-3.933352927,55.68710248,
[],[6158],Moray West Offshore Wind Farm Project,882,[14.7],[60.0],-3.313071257,58.06987356,
[],[6214],Howpark Farm,20,[2.5],[8.0],-2.280963454,55.89764432,
[],[6264],Dounreay Tr Floating Wind Demonstration,10,[5.0],[2.0],-3.876811758,58.69833704,
[],[6293],Accolade Wines,2.5,[1.5],[1.0],-2.689075395,51.51699154,
[],[6318],Craigannet Farm Wind Turbine,1.5,[1.5],[1.0],-4.068471507,56.04544641,
[],[6324],Burnfoot East Wind Farm (further extension),10.8,[3.6],[3.0],-3.759961028,56.20910678,
[],[6426],Neart na Gaoithe,450,[8.0],[54.0],-2.250007589,56.26999264,
[],[6556],Sofia (Teesside B),1400,[14.0],[100.0],,,
[],[6636],Forss Wind Farm,2.6,[1.3],[2.0],-3.688144279,58.60234524,
[],[6818],"Lower Tregeen, Davidstow - Wind Turbine",0.9,[0.9],[1.0],-4.60255958,50.66286911,
[],[6828],Viking Wind Farm,443,[4.3],[103.0],-1.208438805,60.33933781,
[],[7312],The Low Carbon Energy Generation Project at Keele University,1.9,[1.0],[2.0],-2.271023829,53.00192773,
[],[7544],Dundrinne Road,0.2,[0.23],[1.0],-5.928664706,54.24561814,
[],[7588],Land near Ventonteague,2.3,[2.3],[1.0],-5.055610776,50.32079039,
[],[8046],Lower Rumster wind turbine,0.2,[0.05],[3.0],-3.337658362,58.30850186,
[],[8134],"Land near Tacher, Latheron",4.1,[4.1],[1.0],-3.416915945,58.40234177,
[],[11259],Mounteneys and Cherry Rock Wind Turbines,1,[0.5],[2.0],-2.386961304,51.6024864,
[],[11706],"Arbikie, Inverkeilor - Green Hydrogen Project & Wind Turbine",1,[1.0],[1.0],-2.558184924,56.64771957,
